<ImportExportXml xmlns:xsi="http://www.w3.org/2001/XMLSchema-instance">
  <Entities></Entities>
  <Roles></Roles>
  <Workflows>
    <Workflow WorkflowId="{e51a39c4-88c6-ee11-9079-000d3ab2677b}" Name="OnAccountCreate">
      <JsonFileName>/Workflows/OnAccountCreate-E51A39C4-88C6-EE11-9079-000D3AB2677B.json</JsonFileName>
      <Type>1</Type>
      <Subprocess>0</Subprocess>
      <Category>5</Category>
      <Mode>0</Mode>
      <Scope>4</Scope>
      <OnDemand>0</OnDemand>
      <TriggerOnCreate>0</TriggerOnCreate>
      <TriggerOnDelete>0</TriggerOnDelete>
      <AsyncAutodelete>0</AsyncAutodelete>
      <SyncWorkflowLogOnFailure>0</SyncWorkflowLogOnFailure>
      <StateCode>1</StateCode>
      <StatusCode>2</StatusCode>
      <RunAs>1</RunAs>
      <IsTransacted>1</IsTransacted>
      <IntroducedVersion>1.0</IntroducedVersion>
      <IsCustomizable>1</IsCustomizable>
      <BusinessProcessType>0</BusinessProcessType>
      <IsCustomProcessingStepAllowedForOtherPublishers>1</IsCustomProcessingStepAllowedForOtherPublishers>
      <PrimaryEntity>none</PrimaryEntity>
      <LocalizedNames>
        <LocalizedName languagecode="1033" description="OnAccountCreate" />
      </LocalizedNames>
    </Workflow>
  </Workflows>
  <FieldSecurityProfiles></FieldSecurityProfiles>
  <Templates />
  <EntityMaps />
  <EntityRelationships />
  <OrganizationSettings />
  <optionsets />
  <WebResources>
    <WebResource>
      <WebResourceId>{16510e61-2ccb-ee11-9079-000d3ab2677b}</WebResourceId>
      <Name>poc_DGSM_js_Case.js</Name>
      <DisplayName>DGSM_js_Case.js</DisplayName>
      <WebResourceType>3</WebResourceType>
      <IntroducedVersion>1.0</IntroducedVersion>
      <IsEnabledForMobileClient>0</IsEnabledForMobileClient>
      <IsAvailableForMobileOffline>0</IsAvailableForMobileOffline>
      <IsCustomizable>1</IsCustomizable>
      <CanBeDeleted>1</CanBeDeleted>
      <IsHidden>0</IsHidden>
      <FileName>/WebResources/poc_DGSM_js_Casejs16510E61-2CCB-EE11-9079-000D3AB2677B</FileName>
    </WebResource>
  </WebResources>
  <CustomControls />
  <SolutionPluginAssemblies>
    <PluginAssembly FullName="PluginCacheDemo, Version=1.0.0.0, Culture=neutral, PublicKeyToken=91de867d67d04438" PluginAssemblyId="692afe95-17c7-43b9-b8d0-d72180d60ae8" CustomizationLevel="1">
      <IsolationMode>2</IsolationMode>
      <SourceType>0</SourceType>
      <IntroducedVersion>1.0</IntroducedVersion>
      <FileName>/PluginAssemblies/PluginCacheDemo-692AFE95-17C7-43B9-B8D0-D72180D60AE8/PluginCacheDemo.dll</FileName>
      <PluginTypes>
        <PluginType AssemblyQualifiedName="PluginCacheDemo.InvokeWebhook, PluginCacheDemo, Version=1.0.0.0, Culture=neutral, PublicKeyToken=91de867d67d04438" PluginTypeId="58471a58-6d8a-47e6-b04a-1cdad42a5962" Name="PluginCacheDemo.InvokeWebhook">
          <FriendlyName>deb63831-4e7e-4e54-a50e-438e2e39fbb7</FriendlyName>
        </PluginType>
        <PluginType AssemblyQualifiedName="PluginCacheDemo.PreCreateAnnotation, PluginCacheDemo, Version=1.0.0.0, Culture=neutral, PublicKeyToken=91de867d67d04438" PluginTypeId="684a701b-06d9-4892-a2eb-c380020b8fcc" Name="PluginCacheDemo.PreCreateAnnotation">
          <FriendlyName>b13c50ce-f78d-4e01-bbf7-7b172e6b86e5</FriendlyName>
        </PluginType>
        <PluginType AssemblyQualifiedName="PluginCacheDemo.PreCreateContact, PluginCacheDemo, Version=1.0.0.0, Culture=neutral, PublicKeyToken=91de867d67d04438" PluginTypeId="129b928f-4c2c-42c0-a88c-89e75d1611a5" Name="PluginCacheDemo.PreCreateContact">
          <FriendlyName>76ed7973-c98a-449c-ba79-6d324591f4c8</FriendlyName>
        </PluginType>
      </PluginTypes>
    </PluginAssembly>
  </SolutionPluginAssemblies>
  <SdkMessageProcessingSteps>
    <SdkMessageProcessingStep Name="PluginCacheDemo.PreCreateContact: Create of contact" SdkMessageProcessingStepId="{3903899c-d55d-ee11-be6f-000d3ab2677b}">
      <SdkMessageId>9ebdbb1b-ea3e-db11-86a7-000a3a5473e8</SdkMessageId>
      <PluginTypeName>PluginCacheDemo.PreCreateContact, PluginCacheDemo, Version=1.0.0.0, Culture=neutral, PublicKeyToken=91de867d67d04438</PluginTypeName>
      <PluginTypeId>129b928f-4c2c-42c0-a88c-89e75d1611a5</PluginTypeId>
      <PrimaryEntity>contact</PrimaryEntity>
      <AsyncAutoDelete>0</AsyncAutoDelete>
      <Description>PluginCacheDemo.PreCreateContact: Create of contact</Description>
      <FilteringAttributes>firstname,lastname</FilteringAttributes>
      <ImpersonatingUserIdName># SpklDeploy</ImpersonatingUserIdName>
      <InvocationSource>1</InvocationSource>
      <Mode>0</Mode>
      <Rank>1</Rank>
      <EventHandlerTypeCode>4602</EventHandlerTypeCode>
      <Stage>20</Stage>
      <IsCustomizable>1</IsCustomizable>
      <IsHidden>0</IsHidden>
      <SupportedDeployment>0</SupportedDeployment>
      <IntroducedVersion>1.0</IntroducedVersion>
      <SdkMessageProcessingStepImages />
    </SdkMessageProcessingStep>
  </SdkMessageProcessingSteps>
  <EntityDataProviders />
  <connectionreferences>
    <connectionreference connectionreferencelogicalname="poc_sharedcommondataserviceforapps_28a57">
      <connectionreferencedisplayname>CreateAccountFunctionalityCR</connectionreferencedisplayname>
      <connectorid>/providers/Microsoft.PowerApps/apis/shared_commondataserviceforapps</connectorid>
      <iscustomizable>1</iscustomizable>
      <statecode>0</statecode>
      <statuscode>1</statuscode>
    </connectionreference>
  </connectionreferences>
  <Languages>
    <Language>1033</Language>
  </Languages>
</ImportExportXml>